{
  "message": "Все направления",
  "all_directions": [
    {
      "id": 1,
      "direction": "Нутрициология",
      "text": "Наука о правильном питании и здоровье",
      "updated_at": "2025-05-21T08:18:22.220737",
      "created_at": "2025-05-21T08:18:22.220737",
      "color": "#98D193"
    },
    {
      "id": 2,
      "direction": "Психология",
      "text": "Наука о психике и поведении человека",
      "color": "#B8A5EB",
      "updated_at": "2025-05-21T08:18:22.220737",
      "created_at": "2025-05-21T08:18:22.220737"
    },
    {
      "id": 3,
      "direction": "Коучинг",
      "text": "Процесс поддержки клиента в достижении целей",
      "updated_at": "2025-05-21T08:18:22.220737",
      "created_at": "2025-05-21T08:18:22.220737",
      "color": "#3D6CAB"
    },
    {
      "id": 4,
      "direction": "Сексология",
      "text": "Наука о половом здоровье и отношениях",
      "updated_at": "2025-05-21T08:18:22.220737",
      "created_at": "2025-05-21T08:18:22.220737",
      "color": "#FF9CC1"
    },
    {
      "id": 5,
      "direction": "Дизайн",
      "text": "Создание функциональных и эстетичных интерьеров",
      "updated_at": "2025-05-21T08:18:22.220737",
      "created_at": "2025-05-21T08:18:22.220737",
      "color": "#FFB669"
    },
    {
      "id": 6,
      "direction": "Общее",
      "text": "Объединение всех направлений для фильтрации",
      "updated_at": "2025-05-21T08:18:22.220737",
      "created_at": "2025-05-21T08:18:22.220737",
      "color": "#0098F6"
    },
    {
      "id": 7,
      "direction": "Экспертный день",
      "text": "Чат с экспертами",
      "color": "#CDD9E6",
      "updated_at": "2025-05-21T08:18:22.220737",
      "created_at": "2025-05-21T08:18:22.220737"
    }
  ]
}
