{
  "message": "Все мероприятия",
  "all_events": [
    {
      "type_id": 2,
      "direction_id": 2,
      "status": true,
      "date": "2025-06-14",
      "url": "https://us02web.zoom.us/j/86061288502?pwd=4aFnjcnl3bxekMcH2L6e7a8IzFxyMb.1",
      "updated_at": "2025-05-21T08:18:22.220737",
      "id": "06340170-dfae-41c5-a280-1cd0b7d13b34",
      "title": "Еще одно Какое-то мероприятие",
      "text": "краткое описание мероприятия в несколько строк русского текста",
      "time": "15:30",
      "created_at": "2025-05-21T08:18:22.220737",
      "event_type": {
        "created_at": "2025-05-21T08:10:42.044541",
        "updated_at": "2025-05-21T08:10:42.044541",
        "type": "Вебинар",
        "id": 2
      },
      "event_direction": {
        "id": 2,
        "direction": "Психология",
        "text": "Наука о психике и поведении человека",
        "color": "#B8A5EB"
      },
      "speakers": [
        {
          "text": null,
          "created_at": "2025-05-21T08:10:42.044541",
          "photo": null,
          "id": 1,
          "name": "Виктория Морева",
          "updated_at": "2025-05-21T08:10:42.044541"
        },
        {
          "text": null,
          "created_at": "2025-05-21T08:10:42.044541",
          "photo": "/photos/irina_tsytsareva.jpg",
          "id": 2,
          "name": "Цыцарева Ирина",
          "updated_at": "2025-05-21T08:10:42.044541"
        }
      ]
    },
    {
      "type_id": 2,
      "direction_id": 2,
      "status": true,
      "date": "2025-06-07",
      "url": "https://us02web.zoom.us/j/86061288502?pwd=4aFnjcnl3bxekMcH2L6e7a8IzFxyMb.1",
      "updated_at": "2025-05-21T08:22:21.326854",
      "id": "7b69f3c5-d439-49e3-9946-b5ad9d135542",
      "title": "Еще одно Какое-то мероприятие",
      "text": "краткое описание мероприятия в несколько строк русского текста",
      "time": "",
      "created_at": "2025-05-21T08:22:21.326854",
      "event_type": {
        "created_at": "2025-05-21T08:10:42.044541",
        "updated_at": "2025-05-21T08:10:42.044541",
        "type": "Чат с экспертом",
        "id": 2
      },
      "event_direction": {
        "id": 7,
        "direction": "Экспертный день",
        "text": "Чат с экспертами",
        "color": "#CDD9E6"
      },
      "speakers": [
        {
          "text": "Психолог с 12-летним стажем. Специализируется на семейной терапии.",
          "created_at": "2025-05-21T08:10:42.044541",
          "photo": null,
          "id": 3,
          "name": "Надежда Соловьева",
          "updated_at": "2025-05-21T08:10:42.044541"
        },
        {
          "text": "Эксперт по личностному росту, ведущая тренингов и вебинаров.",
          "created_at": "2025-05-21T08:10:42.044541",
          "photo": null,
          "id": 4,
          "name": "Ольга Шаталова",
          "updated_at": "2025-05-21T08:10:42.044541"
        }
      ]
    },
    {
      "type_id": 3,
      "direction_id": 1,
      "status": true,
      "date": "2025-06-22",
      "url": "https://us02web.zoom.us/j/86061288502?pwd=4aFnjcnl3bxekMcH2L6e7a8IzFxyMb.1",
      "updated_at": "2025-05-21T11:31:46.937957",
      "id": "52005dbc-8a87-45b4-8be0-8a5e1029d044",
      "title": "Какое-то мероприятие",
      "text": "краткое описание мероприятия в несколько строк русского текста",
      "time": "11:45",
      "created_at": "2025-05-21T11:30:48.668667",
      "event_type": {
        "created_at": "2025-05-21T08:10:42.044541",
        "updated_at": "2025-05-21T08:10:42.044541",
        "type": "Семинар",
        "id": 3
      },
      "event_direction": {
        "id": 1,
        "direction": "Нутрициология",
        "text": "Наука о правильном питании и здоровье",
        "color": "#98D193"
      },
      "speakers": [
        {
          "text": null,
          "created_at": "2025-05-21T08:10:42.044541",
          "photo": null,
          "id": 1,
          "name": "Виктория Морева",
          "updated_at": "2025-05-21T08:10:42.044541"
        },
        {
          "text": null,
          "created_at": "2025-05-21T08:10:42.044541",
          "photo": null,
          "id": 2,
          "name": "Цыцарева Ирина",
          "updated_at": "2025-05-21T08:10:42.044541"
        },
        {
          "text": "Психолог с 12-летним стажем. Специализируется на семейной терапии.",
          "created_at": "2025-05-21T08:10:42.044541",
          "photo": null,
          "id": 3,
          "name": "Надежда Соловьева",
          "updated_at": "2025-05-21T08:10:42.044541"
        }
      ]
    },
    {
      "type_id": 4,
      "direction_id": 4,
      "status": true,
      "date": "2025-06-22",
      "url": "https://us02web.zoom.us/j/86061288502?pwd=4aFnjcnl3bxekMcH2L6e7a8IzFxyMb.1",
      "updated_at": "2025-05-21T11:35:00.000000",
      "id": "a1b2c3d4-e5f6-7890-g1h2-i1234567890ab",
      "title": "Как улучшить интимную коммуникацию в паре",
      "text": "Практический вебинар по работе с психологическими барьерами в отношениях",
      "time": "14:00",
      "created_at": "2025-05-21T11:34:59.000000",
      "event_type": {
        "created_at": "2025-05-21T08:10:42.044541",
        "updated_at": "2025-05-21T08:10:42.044541",
        "type": "Вебинар",
        "id": 4
      },
      "event_direction": {
        "id": 4,
        "direction": "Сексология",
        "text": "Наука о половом здоровье и отношениях",
        "color": "#FF9CC1"
      },
      "speakers": [
        {
          "text": "Сексолог с международным опытом работы и автор книг по семейной терапии",
          "created_at": "2025-05-21T08:10:42.044541",
          "photo": "/photos/seksolog.jpg",
          "id": 5,
          "name": "Анна Кузнецова",
          "updated_at": "2025-05-21T08:10:42.044541"
        }
      ]
    },
    {
      "type_id": 5,
      "direction_id": 5,
      "status": true,
      "date": "2025-06-22",
      "url": "https://us02web.zoom.us/j/86061288502?pwd=4aFnjcnl3bxekMcH2L6e7a8IzFxyMb.1",
      "updated_at": "2025-05-21T11:36:00.000000",
      "id": "b2c3d4e5-f6g7-8901-h2i3-j4567890klmn",
      "title": "Цвет как инструмент в дизайне интерьера",
      "text": "Как использовать палитру для создания гармоничного пространства",
      "time": "17:00",
      "created_at": "2025-05-21T11:35:59.000000",
      "event_type": {
        "created_at": "2025-05-21T08:10:42.044541",
        "updated_at": "2025-05-21T08:10:42.044541",
        "type": "Мастер-класс",
        "id": 4
      },
      "event_direction": {
        "id": 5,
        "direction": "Дизайн интерьера",
        "text": "Создание функциональных и эстетичных интерьеров",
        "color": "#FFB669"
      },
      "speakers": [
        {
          "text": "Профессиональный дизайнер интерьера с 10-летним стажем",
          "created_at": "2025-05-21T08:10:42.044541",
          "photo": "/photos/dizainer.jpg",
          "id": 6,
          "name": "Екатерина Волкова",
          "updated_at": "2025-05-21T08:10:42.044541"
        }
      ]
    },
    {
      "type_id": 2,
      "direction_id": 3,
      "status": true,
      "date": "2025-07-18",
      "url": "https://us02web.zoom.us/j/86061288502?pwd=4aFnjcnl3bxekMcH2L6e7a8IzFxyMb.1",
      "updated_at": "2025-05-21T08:18:22.220737",
      "id": "06340170-dfae-41c5-a280-1cd0b7d13b34",
      "title": "Еще одно Какое-то мероприятие",
      "text": "краткое описание мероприятия в несколько строк русского текста",
      "time": "15:30",
      "created_at": "2025-05-21T08:18:22.220737",
      "event_type": {
        "created_at": "2025-05-21T08:10:42.044541",
        "updated_at": "2025-05-21T08:10:42.044541",
        "type": "Вебинар",
        "id": 2
      },
      "event_direction": {
        "id": 3,
        "direction": "Коучинг",
        "text": "Процесс поддержки клиента в достижении целей",
        "color": "#3D6CAB"
      },
      "speakers": [
        {
          "text": null,
          "created_at": "2025-05-21T08:10:42.044541",
          "photo": null,
          "id": 1,
          "name": "Виктория Морева",
          "updated_at": "2025-05-21T08:10:42.044541"
        },
        {
          "text": null,
          "created_at": "2025-05-21T08:10:42.044541",
          "photo": null,
          "id": 2,
          "name": "Цыцарева Ирина",
          "updated_at": "2025-05-21T08:10:42.044541"
        }
      ]
    }
  ]
}
